Name,Stiffness,Type,Radius
Radian135_Tshirt00001.png,soft,Tshirt,beta
Radian135_Tshirt00002.png,soft,Tshirt,beta
Radian135_Tshirt00003.png,soft,Tshirt,beta
Radian135_Tshirt00004.png,soft,Tshirt,beta
Radian135_Tshirt00005.png,soft,Tshirt,beta
Radian135_Tshirt00006.png,soft,Tshirt,beta
Radian135_Tshirt00007.png,soft,Tshirt,beta
Radian135_Tshirt00008.png,soft,Tshirt,beta
Radian135_Tshirt00009.png,soft,Tshirt,beta
Radian135_Tshirt00010.png,soft,Tshirt,beta
Radian135_Tshirt00011.png,soft,Tshirt,beta
Radian135_Tshirt00012.png,soft,Tshirt,beta
Radian135_Tshirt00013.png,soft,Tshirt,beta
Radian135_Tshirt00014.png,soft,Tshirt,beta
Radian135_Tshirt00015.png,soft,Tshirt,beta
Radian135_Tshirt00016.png,soft,Tshirt,beta
Radian135_Tshirt00017.png,soft,Tshirt,beta
Radian135_Tshirt00018.png,soft,Tshirt,beta
Radian135_Tshirt00019.png,soft,Tshirt,beta
Radian135_Tshirt00020.png,soft,Tshirt,beta
Radian135_Tshirt00021.png,soft,Tshirt,beta
Radian135_Tshirt00022.png,soft,Tshirt,beta
Radian135_Tshirt00023.png,soft,Tshirt,beta
Radian135_Tshirt00024.png,soft,Tshirt,beta
Radian135_Tshirt00025.png,soft,Tshirt,beta
Radian135_Tshirt00026.png,soft,Tshirt,beta
Radian135_Tshirt00027.png,soft,Tshirt,beta
Radian135_Tshirt00028.png,soft,Tshirt,beta
Radian135_Tshirt00029.png,soft,Tshirt,beta
Radian135_Tshirt00030.png,soft,Tshirt,beta
Radian135_Tshirt00031.png,soft,Tshirt,beta
Radian135_Tshirt00032.png,soft,Tshirt,beta
Radian135_Tshirt00033.png,soft,Tshirt,beta
Radian135_Tshirt00034.png,soft,Tshirt,beta
Radian135_Tshirt00035.png,soft,Tshirt,beta
Radian135_Tshirt00036.png,soft,Tshirt,beta
Radian135_Tshirt00037.png,soft,Tshirt,beta
Radian135_Tshirt00038.png,soft,Tshirt,beta
Radian135_Tshirt00039.png,soft,Tshirt,beta
Radian135_Tshirt00040.png,soft,Tshirt,beta
Radian135_Tshirt00041.png,soft,Tshirt,beta
Radian135_Tshirt00042.png,soft,Tshirt,beta
Radian135_Tshirt00043.png,soft,Tshirt,beta
Radian135_Tshirt00044.png,soft,Tshirt,beta
Radian135_Tshirt00045.png,soft,Tshirt,beta
Radian135_Tshirt00046.png,soft,Tshirt,beta
Radian135_Tshirt00047.png,soft,Tshirt,beta
Radian135_Tshirt00048.png,soft,Tshirt,beta
Radian135_Tshirt00049.png,soft,Tshirt,beta
Radian135_Tshirt00050.png,soft,Tshirt,beta
Radian135_Tshirt00051.png,soft,Tshirt,beta
Radian135_Tshirt00052.png,soft,Tshirt,beta
Radian135_Tshirt00053.png,soft,Tshirt,beta
Radian135_Tshirt00054.png,soft,Tshirt,beta
Radian135_Tshirt00055.png,soft,Tshirt,beta
Radian135_Tshirt00056.png,soft,Tshirt,beta
Radian135_Tshirt00057.png,soft,Tshirt,beta
Radian135_Tshirt00058.png,soft,Tshirt,beta
Radian135_Tshirt00059.png,soft,Tshirt,beta
Radian135_Tshirt00060.png,soft,Tshirt,beta
Radian135_Tshirt00061.png,soft,Tshirt,beta
Radian135_Tshirt00062.png,soft,Tshirt,beta
Radian135_Tshirt00063.png,soft,Tshirt,beta
Radian135_Tshirt00064.png,soft,Tshirt,beta
Radian135_Tshirt00065.png,soft,Tshirt,beta
Radian135_Tshirt00066.png,soft,Tshirt,beta
Radian135_Tshirt00067.png,soft,Tshirt,beta
Radian135_Tshirt00068.png,soft,Tshirt,beta
Radian135_Tshirt00069.png,soft,Tshirt,beta
Radian135_Tshirt00070.png,soft,Tshirt,beta
Radian135_Tshirt00071.png,soft,Tshirt,beta
Radian135_Tshirt00072.png,soft,Tshirt,beta
Radian135_Tshirt00073.png,soft,Tshirt,beta
Radian135_Tshirt00074.png,soft,Tshirt,beta
Radian135_Tshirt00075.png,soft,Tshirt,beta
Radian135_Tshirt00076.png,soft,Tshirt,beta
Radian135_Tshirt00077.png,soft,Tshirt,beta
Radian135_Tshirt00078.png,soft,Tshirt,beta
Radian135_Tshirt00079.png,soft,Tshirt,beta
Radian135_Tshirt00080.png,soft,Tshirt,beta
Radian135_Tshirt00081.png,soft,Tshirt,beta
Radian135_Tshirt00082.png,soft,Tshirt,beta
Radian135_Tshirt00083.png,soft,Tshirt,beta
Radian135_Tshirt00084.png,soft,Tshirt,beta
Radian135_Tshirt00085.png,soft,Tshirt,beta
Radian135_Tshirt00086.png,soft,Tshirt,beta
Radian135_Tshirt00087.png,soft,Tshirt,beta
Radian135_Tshirt00088.png,soft,Tshirt,beta
Radian135_Tshirt00089.png,soft,Tshirt,beta
Radian135_Tshirt00090.png,soft,Tshirt,beta
Radian135_Tshirt00091.png,soft,Tshirt,beta
Radian135_Tshirt00092.png,soft,Tshirt,beta
Radian135_Tshirt00093.png,soft,Tshirt,beta
Radian135_Tshirt00094.png,soft,Tshirt,beta
Radian135_Tshirt00095.png,soft,Tshirt,beta
Radian135_Tshirt00096.png,soft,Tshirt,beta
Radian135_Tshirt00097.png,soft,Tshirt,beta
Radian135_Tshirt00098.png,soft,Tshirt,beta
Radian135_Tshirt00099.png,soft,Tshirt,beta
Radian135_Tshirt00100.png,soft,Tshirt,beta
Radian135_Tshirt10001.png,soft,Tshirt,beta
Radian135_Tshirt10002.png,soft,Tshirt,beta
Radian135_Tshirt10003.png,soft,Tshirt,beta
Radian135_Tshirt10004.png,soft,Tshirt,beta
Radian135_Tshirt10005.png,soft,Tshirt,beta
Radian135_Tshirt10006.png,soft,Tshirt,beta
Radian135_Tshirt10007.png,soft,Tshirt,beta
Radian135_Tshirt10008.png,soft,Tshirt,beta
Radian135_Tshirt10009.png,soft,Tshirt,beta
Radian135_Tshirt10010.png,soft,Tshirt,beta
Radian135_Tshirt10011.png,soft,Tshirt,beta
Radian135_Tshirt10012.png,soft,Tshirt,beta
Radian135_Tshirt10013.png,soft,Tshirt,beta
Radian135_Tshirt10014.png,soft,Tshirt,beta
Radian135_Tshirt10015.png,soft,Tshirt,beta
Radian135_Tshirt10016.png,soft,Tshirt,beta
Radian135_Tshirt10017.png,soft,Tshirt,beta
Radian135_Tshirt10018.png,soft,Tshirt,beta
Radian135_Tshirt10019.png,soft,Tshirt,beta
Radian135_Tshirt10020.png,soft,Tshirt,beta
Radian135_Tshirt10021.png,soft,Tshirt,beta
Radian135_Tshirt10022.png,soft,Tshirt,beta
Radian135_Tshirt10023.png,soft,Tshirt,beta
Radian135_Tshirt10024.png,soft,Tshirt,beta
Radian135_Tshirt10025.png,soft,Tshirt,beta
Radian135_Tshirt10026.png,soft,Tshirt,beta
Radian135_Tshirt10027.png,soft,Tshirt,beta
Radian135_Tshirt10028.png,soft,Tshirt,beta
Radian135_Tshirt10029.png,soft,Tshirt,beta
Radian135_Tshirt10030.png,soft,Tshirt,beta
Radian135_Tshirt10031.png,soft,Tshirt,beta
Radian135_Tshirt10032.png,soft,Tshirt,beta
Radian135_Tshirt10033.png,soft,Tshirt,beta
Radian135_Tshirt10034.png,soft,Tshirt,beta
Radian135_Tshirt10035.png,soft,Tshirt,beta
Radian135_Tshirt10036.png,soft,Tshirt,beta
Radian135_Tshirt10037.png,soft,Tshirt,beta
Radian135_Tshirt10038.png,soft,Tshirt,beta
Radian135_Tshirt10039.png,soft,Tshirt,beta
Radian135_Tshirt10040.png,soft,Tshirt,beta
Radian135_Tshirt10041.png,soft,Tshirt,beta
Radian135_Tshirt10042.png,soft,Tshirt,beta
Radian135_Tshirt10043.png,soft,Tshirt,beta
Radian135_Tshirt10044.png,soft,Tshirt,beta
Radian135_Tshirt10045.png,soft,Tshirt,beta
Radian135_Tshirt10046.png,soft,Tshirt,beta
Radian135_Tshirt10047.png,soft,Tshirt,beta
Radian135_Tshirt10048.png,soft,Tshirt,beta
Radian135_Tshirt10049.png,soft,Tshirt,beta
Radian135_Tshirt10050.png,soft,Tshirt,beta
Radian135_Tshirt10051.png,soft,Tshirt,beta
Radian135_Tshirt10052.png,soft,Tshirt,beta
Radian135_Tshirt10053.png,soft,Tshirt,beta
Radian135_Tshirt10054.png,soft,Tshirt,beta
Radian135_Tshirt10055.png,soft,Tshirt,beta
Radian135_Tshirt10056.png,soft,Tshirt,beta
Radian135_Tshirt10057.png,soft,Tshirt,beta
Radian135_Tshirt10058.png,soft,Tshirt,beta
Radian135_Tshirt10059.png,soft,Tshirt,beta
Radian135_Tshirt10060.png,soft,Tshirt,beta
Radian135_Tshirt10061.png,soft,Tshirt,beta
Radian135_Tshirt10062.png,soft,Tshirt,beta
Radian135_Tshirt10063.png,soft,Tshirt,beta
Radian135_Tshirt10064.png,soft,Tshirt,beta
Radian135_Tshirt10065.png,soft,Tshirt,beta
Radian135_Tshirt10066.png,soft,Tshirt,beta
Radian135_Tshirt10067.png,soft,Tshirt,beta
Radian135_Tshirt10068.png,soft,Tshirt,beta
Radian135_Tshirt10069.png,soft,Tshirt,beta
Radian135_Tshirt10070.png,soft,Tshirt,beta
Radian135_Tshirt10071.png,soft,Tshirt,beta
Radian135_Tshirt10072.png,soft,Tshirt,beta
Radian135_Tshirt10073.png,soft,Tshirt,beta
Radian135_Tshirt10074.png,soft,Tshirt,beta
Radian135_Tshirt10075.png,soft,Tshirt,beta
Radian135_Tshirt10076.png,soft,Tshirt,beta
Radian135_Tshirt10077.png,soft,Tshirt,beta
Radian135_Tshirt10078.png,soft,Tshirt,beta
Radian135_Tshirt10079.png,soft,Tshirt,beta
Radian135_Tshirt10080.png,soft,Tshirt,beta
Radian135_Tshirt10081.png,soft,Tshirt,beta
Radian135_Tshirt10082.png,soft,Tshirt,beta
Radian135_Tshirt10083.png,soft,Tshirt,beta
Radian135_Tshirt10084.png,soft,Tshirt,beta
Radian135_Tshirt10085.png,soft,Tshirt,beta
Radian135_Tshirt10086.png,soft,Tshirt,beta
Radian135_Tshirt10087.png,soft,Tshirt,beta
Radian135_Tshirt10088.png,soft,Tshirt,beta
Radian135_Tshirt10089.png,soft,Tshirt,beta
Radian135_Tshirt10090.png,soft,Tshirt,beta
Radian135_Tshirt10091.png,soft,Tshirt,beta
Radian135_Tshirt10092.png,soft,Tshirt,beta
Radian135_Tshirt10093.png,soft,Tshirt,beta
Radian135_Tshirt10094.png,soft,Tshirt,beta
Radian135_Tshirt10095.png,soft,Tshirt,beta
Radian135_Tshirt10096.png,soft,Tshirt,beta
Radian135_Tshirt10097.png,soft,Tshirt,beta
Radian135_Tshirt10098.png,soft,Tshirt,beta
Radian135_Tshirt10099.png,soft,Tshirt,beta
Radian135_Tshirt10100.png,soft,Tshirt,beta
Radian135_Tshirt20001.png,soft,Tshirt,beta
Radian135_Tshirt20002.png,soft,Tshirt,beta
Radian135_Tshirt20003.png,soft,Tshirt,beta
Radian135_Tshirt20004.png,soft,Tshirt,beta
Radian135_Tshirt20005.png,soft,Tshirt,beta
Radian135_Tshirt20006.png,soft,Tshirt,beta
Radian135_Tshirt20007.png,soft,Tshirt,beta
Radian135_Tshirt20008.png,soft,Tshirt,beta
Radian135_Tshirt20009.png,soft,Tshirt,beta
Radian135_Tshirt20010.png,soft,Tshirt,beta
Radian135_Tshirt20011.png,soft,Tshirt,beta
Radian135_Tshirt20012.png,soft,Tshirt,beta
Radian135_Tshirt20013.png,soft,Tshirt,beta
Radian135_Tshirt20014.png,soft,Tshirt,beta
Radian135_Tshirt20015.png,soft,Tshirt,beta
Radian135_Tshirt20016.png,soft,Tshirt,beta
Radian135_Tshirt20017.png,soft,Tshirt,beta
Radian135_Tshirt20018.png,soft,Tshirt,beta
Radian135_Tshirt20019.png,soft,Tshirt,beta
Radian135_Tshirt20020.png,soft,Tshirt,beta
Radian135_Tshirt20021.png,soft,Tshirt,beta
Radian135_Tshirt20022.png,soft,Tshirt,beta
Radian135_Tshirt20023.png,soft,Tshirt,beta
Radian135_Tshirt20024.png,soft,Tshirt,beta
Radian135_Tshirt20025.png,soft,Tshirt,beta
Radian135_Tshirt20026.png,soft,Tshirt,beta
Radian135_Tshirt20027.png,soft,Tshirt,beta
Radian135_Tshirt20028.png,soft,Tshirt,beta
Radian135_Tshirt20029.png,soft,Tshirt,beta
Radian135_Tshirt20030.png,soft,Tshirt,beta
Radian135_Tshirt20031.png,soft,Tshirt,beta
Radian135_Tshirt20032.png,soft,Tshirt,beta
Radian135_Tshirt20033.png,soft,Tshirt,beta
Radian135_Tshirt20034.png,soft,Tshirt,beta
Radian135_Tshirt20035.png,soft,Tshirt,beta
Radian135_Tshirt20036.png,soft,Tshirt,beta
Radian135_Tshirt20037.png,soft,Tshirt,beta
Radian135_Tshirt20038.png,soft,Tshirt,beta
Radian135_Tshirt20039.png,soft,Tshirt,beta
Radian135_Tshirt20040.png,soft,Tshirt,beta
Radian135_Tshirt20041.png,soft,Tshirt,beta
Radian135_Tshirt20042.png,soft,Tshirt,beta
Radian135_Tshirt20043.png,soft,Tshirt,beta
Radian135_Tshirt20044.png,soft,Tshirt,beta
Radian135_Tshirt20045.png,soft,Tshirt,beta
Radian135_Tshirt20046.png,soft,Tshirt,beta
Radian135_Tshirt20047.png,soft,Tshirt,beta
Radian135_Tshirt20048.png,soft,Tshirt,beta
Radian135_Tshirt20049.png,soft,Tshirt,beta
Radian135_Tshirt20050.png,soft,Tshirt,beta
Radian135_Tshirt20051.png,soft,Tshirt,beta
Radian135_Tshirt20052.png,soft,Tshirt,beta
Radian135_Tshirt20053.png,soft,Tshirt,beta
Radian135_Tshirt20054.png,soft,Tshirt,beta
Radian135_Tshirt20055.png,soft,Tshirt,beta
Radian135_Tshirt20056.png,soft,Tshirt,beta
Radian135_Tshirt20057.png,soft,Tshirt,beta
Radian135_Tshirt20058.png,soft,Tshirt,beta
Radian135_Tshirt20059.png,soft,Tshirt,beta
Radian135_Tshirt20060.png,soft,Tshirt,beta
Radian135_Tshirt20061.png,soft,Tshirt,beta
Radian135_Tshirt20062.png,soft,Tshirt,beta
Radian135_Tshirt20063.png,soft,Tshirt,beta
Radian135_Tshirt20064.png,soft,Tshirt,beta
Radian135_Tshirt20065.png,soft,Tshirt,beta
Radian135_Tshirt20066.png,soft,Tshirt,beta
Radian135_Tshirt20067.png,soft,Tshirt,beta
Radian135_Tshirt20068.png,soft,Tshirt,beta
Radian135_Tshirt20069.png,soft,Tshirt,beta
Radian135_Tshirt20070.png,soft,Tshirt,beta
Radian135_Tshirt20071.png,soft,Tshirt,beta
Radian135_Tshirt20072.png,soft,Tshirt,beta
Radian135_Tshirt20073.png,soft,Tshirt,beta
Radian135_Tshirt20074.png,soft,Tshirt,beta
Radian135_Tshirt20075.png,soft,Tshirt,beta
Radian135_Tshirt20076.png,soft,Tshirt,beta
Radian135_Tshirt20077.png,soft,Tshirt,beta
Radian135_Tshirt20078.png,soft,Tshirt,beta
Radian135_Tshirt20079.png,soft,Tshirt,beta
Radian135_Tshirt20080.png,soft,Tshirt,beta
Radian135_Tshirt20081.png,soft,Tshirt,beta
Radian135_Tshirt20082.png,soft,Tshirt,beta
Radian135_Tshirt20083.png,soft,Tshirt,beta
Radian135_Tshirt20084.png,soft,Tshirt,beta
Radian135_Tshirt20085.png,soft,Tshirt,beta
Radian135_Tshirt20086.png,soft,Tshirt,beta
Radian135_Tshirt20087.png,soft,Tshirt,beta
Radian135_Tshirt20088.png,soft,Tshirt,beta
Radian135_Tshirt20089.png,soft,Tshirt,beta
Radian135_Tshirt20090.png,soft,Tshirt,beta
Radian135_Tshirt20091.png,soft,Tshirt,beta
Radian135_Tshirt20092.png,soft,Tshirt,beta
Radian135_Tshirt20093.png,soft,Tshirt,beta
Radian135_Tshirt20094.png,soft,Tshirt,beta
Radian135_Tshirt20095.png,soft,Tshirt,beta
Radian135_Tshirt20096.png,soft,Tshirt,beta
Radian135_Tshirt20097.png,soft,Tshirt,beta
Radian135_Tshirt20098.png,soft,Tshirt,beta
Radian135_Tshirt20099.png,soft,Tshirt,beta
Radian135_Tshirt20100.png,soft,Tshirt,beta
Radian135_Tshirt30001.png,soft,Tshirt,beta
Radian135_Tshirt30002.png,soft,Tshirt,beta
Radian135_Tshirt30003.png,soft,Tshirt,beta
Radian135_Tshirt30004.png,soft,Tshirt,beta
Radian135_Tshirt30005.png,soft,Tshirt,beta
Radian135_Tshirt30006.png,soft,Tshirt,beta
Radian135_Tshirt30007.png,soft,Tshirt,beta
Radian135_Tshirt30008.png,soft,Tshirt,beta
Radian135_Tshirt30009.png,soft,Tshirt,beta
Radian135_Tshirt30010.png,soft,Tshirt,beta
Radian135_Tshirt30011.png,soft,Tshirt,beta
Radian135_Tshirt30012.png,soft,Tshirt,beta
Radian135_Tshirt30013.png,soft,Tshirt,beta
Radian135_Tshirt30014.png,soft,Tshirt,beta
Radian135_Tshirt30015.png,soft,Tshirt,beta
Radian135_Tshirt30016.png,soft,Tshirt,beta
Radian135_Tshirt30017.png,soft,Tshirt,beta
Radian135_Tshirt30018.png,soft,Tshirt,beta
Radian135_Tshirt30019.png,soft,Tshirt,beta
Radian135_Tshirt30020.png,soft,Tshirt,beta
Radian135_Tshirt30021.png,soft,Tshirt,beta
Radian135_Tshirt30022.png,soft,Tshirt,beta
Radian135_Tshirt30023.png,soft,Tshirt,beta
Radian135_Tshirt30024.png,soft,Tshirt,beta
Radian135_Tshirt30025.png,soft,Tshirt,beta
Radian135_Tshirt30026.png,soft,Tshirt,beta
Radian135_Tshirt30027.png,soft,Tshirt,beta
Radian135_Tshirt30028.png,soft,Tshirt,beta
Radian135_Tshirt30029.png,soft,Tshirt,beta
Radian135_Tshirt30030.png,soft,Tshirt,beta
Radian135_Tshirt30031.png,soft,Tshirt,beta
Radian135_Tshirt30032.png,soft,Tshirt,beta
Radian135_Tshirt30033.png,soft,Tshirt,beta
Radian135_Tshirt30034.png,soft,Tshirt,beta
Radian135_Tshirt30035.png,soft,Tshirt,beta
Radian135_Tshirt30036.png,soft,Tshirt,beta
Radian135_Tshirt30037.png,soft,Tshirt,beta
Radian135_Tshirt30038.png,soft,Tshirt,beta
Radian135_Tshirt30039.png,soft,Tshirt,beta
Radian135_Tshirt30040.png,soft,Tshirt,beta
Radian135_Tshirt30041.png,soft,Tshirt,beta
Radian135_Tshirt30042.png,soft,Tshirt,beta
Radian135_Tshirt30043.png,soft,Tshirt,beta
Radian135_Tshirt30044.png,soft,Tshirt,beta
Radian135_Tshirt30045.png,soft,Tshirt,beta
Radian135_Tshirt30046.png,soft,Tshirt,beta
Radian135_Tshirt30047.png,soft,Tshirt,beta
Radian135_Tshirt30048.png,soft,Tshirt,beta
Radian135_Tshirt30049.png,soft,Tshirt,beta
Radian135_Tshirt30050.png,soft,Tshirt,beta
Radian135_Tshirt30051.png,soft,Tshirt,beta
Radian135_Tshirt30052.png,soft,Tshirt,beta
Radian135_Tshirt30053.png,soft,Tshirt,beta
Radian135_Tshirt30054.png,soft,Tshirt,beta
Radian135_Tshirt30055.png,soft,Tshirt,beta
Radian135_Tshirt30056.png,soft,Tshirt,beta
Radian135_Tshirt30057.png,soft,Tshirt,beta
Radian135_Tshirt30058.png,soft,Tshirt,beta
Radian135_Tshirt30059.png,soft,Tshirt,beta
Radian135_Tshirt30060.png,soft,Tshirt,beta
Radian135_Tshirt30061.png,soft,Tshirt,beta
Radian135_Tshirt30062.png,soft,Tshirt,beta
Radian135_Tshirt30063.png,soft,Tshirt,beta
Radian135_Tshirt30064.png,soft,Tshirt,beta
Radian135_Tshirt30065.png,soft,Tshirt,beta
Radian135_Tshirt30066.png,soft,Tshirt,beta
Radian135_Tshirt30067.png,soft,Tshirt,beta
Radian135_Tshirt30068.png,soft,Tshirt,beta
Radian135_Tshirt30069.png,soft,Tshirt,beta
Radian135_Tshirt30070.png,soft,Tshirt,beta
Radian135_Tshirt30071.png,soft,Tshirt,beta
Radian135_Tshirt30072.png,soft,Tshirt,beta
Radian135_Tshirt30073.png,soft,Tshirt,beta
Radian135_Tshirt30074.png,soft,Tshirt,beta
Radian135_Tshirt30075.png,soft,Tshirt,beta
Radian135_Tshirt30076.png,soft,Tshirt,beta
Radian135_Tshirt30077.png,soft,Tshirt,beta
Radian135_Tshirt30078.png,soft,Tshirt,beta
Radian135_Tshirt30079.png,soft,Tshirt,beta
Radian135_Tshirt30080.png,soft,Tshirt,beta
Radian135_Tshirt30081.png,soft,Tshirt,beta
Radian135_Tshirt30082.png,soft,Tshirt,beta
Radian135_Tshirt30083.png,soft,Tshirt,beta
Radian135_Tshirt30084.png,soft,Tshirt,beta
Radian135_Tshirt30085.png,soft,Tshirt,beta
Radian135_Tshirt30086.png,soft,Tshirt,beta
Radian135_Tshirt30087.png,soft,Tshirt,beta
Radian135_Tshirt30088.png,soft,Tshirt,beta
Radian135_Tshirt30089.png,soft,Tshirt,beta
Radian135_Tshirt30090.png,soft,Tshirt,beta
Radian135_Tshirt30091.png,soft,Tshirt,beta
Radian135_Tshirt30092.png,soft,Tshirt,beta
Radian135_Tshirt30093.png,soft,Tshirt,beta
Radian135_Tshirt30094.png,soft,Tshirt,beta
Radian135_Tshirt30095.png,soft,Tshirt,beta
Radian135_Tshirt30096.png,soft,Tshirt,beta
Radian135_Tshirt30097.png,soft,Tshirt,beta
Radian135_Tshirt30098.png,soft,Tshirt,beta
Radian135_Tshirt30099.png,soft,Tshirt,beta
Radian135_Tshirt30100.png,soft,Tshirt,beta
Radian135_Tshirt40001.png,soft,Tshirt,beta
Radian135_Tshirt40002.png,soft,Tshirt,beta
Radian135_Tshirt40003.png,soft,Tshirt,beta
Radian135_Tshirt40004.png,soft,Tshirt,beta
Radian135_Tshirt40005.png,soft,Tshirt,beta
Radian135_Tshirt40006.png,soft,Tshirt,beta
Radian135_Tshirt40007.png,soft,Tshirt,beta
Radian135_Tshirt40008.png,soft,Tshirt,beta
Radian135_Tshirt40009.png,soft,Tshirt,beta
Radian135_Tshirt40010.png,soft,Tshirt,beta
Radian135_Tshirt40011.png,soft,Tshirt,beta
Radian135_Tshirt40012.png,soft,Tshirt,beta
Radian135_Tshirt40013.png,soft,Tshirt,beta
Radian135_Tshirt40014.png,soft,Tshirt,beta
Radian135_Tshirt40015.png,soft,Tshirt,beta
Radian135_Tshirt40016.png,soft,Tshirt,beta
Radian135_Tshirt40017.png,soft,Tshirt,beta
Radian135_Tshirt40018.png,soft,Tshirt,beta
Radian135_Tshirt40019.png,soft,Tshirt,beta
Radian135_Tshirt40020.png,soft,Tshirt,beta
Radian135_Tshirt40021.png,soft,Tshirt,beta
Radian135_Tshirt40022.png,soft,Tshirt,beta
Radian135_Tshirt40023.png,soft,Tshirt,beta
Radian135_Tshirt40024.png,soft,Tshirt,beta
Radian135_Tshirt40025.png,soft,Tshirt,beta
Radian135_Tshirt40026.png,soft,Tshirt,beta
Radian135_Tshirt40027.png,soft,Tshirt,beta
Radian135_Tshirt40028.png,soft,Tshirt,beta
Radian135_Tshirt40029.png,soft,Tshirt,beta
Radian135_Tshirt40030.png,soft,Tshirt,beta
Radian135_Tshirt40031.png,soft,Tshirt,beta
Radian135_Tshirt40032.png,soft,Tshirt,beta
Radian135_Tshirt40033.png,soft,Tshirt,beta
Radian135_Tshirt40034.png,soft,Tshirt,beta
Radian135_Tshirt40035.png,soft,Tshirt,beta
Radian135_Tshirt40036.png,soft,Tshirt,beta
Radian135_Tshirt40037.png,soft,Tshirt,beta
Radian135_Tshirt40038.png,soft,Tshirt,beta
Radian135_Tshirt40039.png,soft,Tshirt,beta
Radian135_Tshirt40040.png,soft,Tshirt,beta
Radian135_Tshirt40041.png,soft,Tshirt,beta
Radian135_Tshirt40042.png,soft,Tshirt,beta
Radian135_Tshirt40043.png,soft,Tshirt,beta
Radian135_Tshirt40044.png,soft,Tshirt,beta
Radian135_Tshirt40045.png,soft,Tshirt,beta
Radian135_Tshirt40046.png,soft,Tshirt,beta
Radian135_Tshirt40047.png,soft,Tshirt,beta
Radian135_Tshirt40048.png,soft,Tshirt,beta
Radian135_Tshirt40049.png,soft,Tshirt,beta
Radian135_Tshirt40050.png,soft,Tshirt,beta
Radian135_Tshirt40051.png,soft,Tshirt,beta
Radian135_Tshirt40052.png,soft,Tshirt,beta
Radian135_Tshirt40053.png,soft,Tshirt,beta
Radian135_Tshirt40054.png,soft,Tshirt,beta
Radian135_Tshirt40055.png,soft,Tshirt,beta
Radian135_Tshirt40056.png,soft,Tshirt,beta
Radian135_Tshirt40057.png,soft,Tshirt,beta
Radian135_Tshirt40058.png,soft,Tshirt,beta
Radian135_Tshirt40059.png,soft,Tshirt,beta
Radian135_Tshirt40060.png,soft,Tshirt,beta
Radian135_Tshirt40061.png,soft,Tshirt,beta
Radian135_Tshirt40062.png,soft,Tshirt,beta
Radian135_Tshirt40063.png,soft,Tshirt,beta
Radian135_Tshirt40064.png,soft,Tshirt,beta
Radian135_Tshirt40065.png,soft,Tshirt,beta
Radian135_Tshirt40066.png,soft,Tshirt,beta
Radian135_Tshirt40067.png,soft,Tshirt,beta
Radian135_Tshirt40068.png,soft,Tshirt,beta
Radian135_Tshirt40069.png,soft,Tshirt,beta
Radian135_Tshirt40070.png,soft,Tshirt,beta
Radian135_Tshirt40071.png,soft,Tshirt,beta
Radian135_Tshirt40072.png,soft,Tshirt,beta
Radian135_Tshirt40073.png,soft,Tshirt,beta
Radian135_Tshirt40074.png,soft,Tshirt,beta
Radian135_Tshirt40075.png,soft,Tshirt,beta
Radian135_Tshirt40076.png,soft,Tshirt,beta
Radian135_Tshirt40077.png,soft,Tshirt,beta
Radian135_Tshirt40078.png,soft,Tshirt,beta
Radian135_Tshirt40079.png,soft,Tshirt,beta
Radian135_Tshirt40080.png,soft,Tshirt,beta
Radian135_Tshirt40081.png,soft,Tshirt,beta
Radian135_Tshirt40082.png,soft,Tshirt,beta
Radian135_Tshirt40083.png,soft,Tshirt,beta
Radian135_Tshirt40084.png,soft,Tshirt,beta
Radian135_Tshirt40085.png,soft,Tshirt,beta
Radian135_Tshirt40086.png,soft,Tshirt,beta
Radian135_Tshirt40087.png,soft,Tshirt,beta
Radian135_Tshirt40088.png,soft,Tshirt,beta
Radian135_Tshirt40089.png,soft,Tshirt,beta
Radian135_Tshirt40090.png,soft,Tshirt,beta
Radian135_Tshirt40091.png,soft,Tshirt,beta
Radian135_Tshirt40092.png,soft,Tshirt,beta
Radian135_Tshirt40093.png,soft,Tshirt,beta
Radian135_Tshirt40094.png,soft,Tshirt,beta
Radian135_Tshirt40095.png,soft,Tshirt,beta
Radian135_Tshirt40096.png,soft,Tshirt,beta
Radian135_Tshirt40097.png,soft,Tshirt,beta
Radian135_Tshirt40098.png,soft,Tshirt,beta
Radian135_Tshirt40099.png,soft,Tshirt,beta
Radian135_Tshirt40100.png,soft,Tshirt,beta
Radian135_Tshirt50001.png,soft,Tshirt,beta
Radian135_Tshirt50002.png,soft,Tshirt,beta
Radian135_Tshirt50003.png,soft,Tshirt,beta
Radian135_Tshirt50004.png,soft,Tshirt,beta
Radian135_Tshirt50005.png,soft,Tshirt,beta
Radian135_Tshirt50006.png,soft,Tshirt,beta
Radian135_Tshirt50007.png,soft,Tshirt,beta
Radian135_Tshirt50008.png,soft,Tshirt,beta
Radian135_Tshirt50009.png,soft,Tshirt,beta
Radian135_Tshirt50010.png,soft,Tshirt,beta
Radian135_Tshirt50011.png,soft,Tshirt,beta
Radian135_Tshirt50012.png,soft,Tshirt,beta
Radian135_Tshirt50013.png,soft,Tshirt,beta
Radian135_Tshirt50014.png,soft,Tshirt,beta
Radian135_Tshirt50015.png,soft,Tshirt,beta
Radian135_Tshirt50016.png,soft,Tshirt,beta
Radian135_Tshirt50017.png,soft,Tshirt,beta
Radian135_Tshirt50018.png,soft,Tshirt,beta
Radian135_Tshirt50019.png,soft,Tshirt,beta
Radian135_Tshirt50020.png,soft,Tshirt,beta
Radian135_Tshirt50021.png,soft,Tshirt,beta
Radian135_Tshirt50022.png,soft,Tshirt,beta
Radian135_Tshirt50023.png,soft,Tshirt,beta
Radian135_Tshirt50024.png,soft,Tshirt,beta
Radian135_Tshirt50025.png,soft,Tshirt,beta
Radian135_Tshirt50026.png,soft,Tshirt,beta
Radian135_Tshirt50027.png,soft,Tshirt,beta
Radian135_Tshirt50028.png,soft,Tshirt,beta
Radian135_Tshirt50029.png,soft,Tshirt,beta
Radian135_Tshirt50030.png,soft,Tshirt,beta
Radian135_Tshirt50031.png,soft,Tshirt,beta
Radian135_Tshirt50032.png,soft,Tshirt,beta
Radian135_Tshirt50033.png,soft,Tshirt,beta
Radian135_Tshirt50034.png,soft,Tshirt,beta
Radian135_Tshirt50035.png,soft,Tshirt,beta
Radian135_Tshirt50036.png,soft,Tshirt,beta
Radian135_Tshirt50037.png,soft,Tshirt,beta
Radian135_Tshirt50038.png,soft,Tshirt,beta
Radian135_Tshirt50039.png,soft,Tshirt,beta
Radian135_Tshirt50040.png,soft,Tshirt,beta
Radian135_Tshirt50041.png,soft,Tshirt,beta
Radian135_Tshirt50042.png,soft,Tshirt,beta
Radian135_Tshirt50043.png,soft,Tshirt,beta
Radian135_Tshirt50044.png,soft,Tshirt,beta
Radian135_Tshirt50045.png,soft,Tshirt,beta
Radian135_Tshirt50046.png,soft,Tshirt,beta
Radian135_Tshirt50047.png,soft,Tshirt,beta
Radian135_Tshirt50048.png,soft,Tshirt,beta
Radian135_Tshirt50049.png,soft,Tshirt,beta
Radian135_Tshirt50050.png,soft,Tshirt,beta
Radian135_Tshirt50051.png,soft,Tshirt,beta
Radian135_Tshirt50052.png,soft,Tshirt,beta
Radian135_Tshirt50053.png,soft,Tshirt,beta
Radian135_Tshirt50054.png,soft,Tshirt,beta
Radian135_Tshirt50055.png,soft,Tshirt,beta
Radian135_Tshirt50056.png,soft,Tshirt,beta
Radian135_Tshirt50057.png,soft,Tshirt,beta
Radian135_Tshirt50058.png,soft,Tshirt,beta
Radian135_Tshirt50059.png,soft,Tshirt,beta
Radian135_Tshirt50060.png,soft,Tshirt,beta
Radian135_Tshirt50061.png,soft,Tshirt,beta
Radian135_Tshirt50062.png,soft,Tshirt,beta
Radian135_Tshirt50063.png,soft,Tshirt,beta
Radian135_Tshirt50064.png,soft,Tshirt,beta
Radian135_Tshirt50065.png,soft,Tshirt,beta
Radian135_Tshirt50066.png,soft,Tshirt,beta
Radian135_Tshirt50067.png,soft,Tshirt,beta
Radian135_Tshirt50068.png,soft,Tshirt,beta
Radian135_Tshirt50069.png,soft,Tshirt,beta
Radian135_Tshirt50070.png,soft,Tshirt,beta
Radian135_Tshirt50071.png,soft,Tshirt,beta
Radian135_Tshirt50072.png,soft,Tshirt,beta
Radian135_Tshirt50073.png,soft,Tshirt,beta
Radian135_Tshirt50074.png,soft,Tshirt,beta
Radian135_Tshirt50075.png,soft,Tshirt,beta
Radian135_Tshirt50076.png,soft,Tshirt,beta
Radian135_Tshirt50077.png,soft,Tshirt,beta
Radian135_Tshirt50078.png,soft,Tshirt,beta
Radian135_Tshirt50079.png,soft,Tshirt,beta
Radian135_Tshirt50080.png,soft,Tshirt,beta
Radian135_Tshirt50081.png,soft,Tshirt,beta
Radian135_Tshirt50082.png,soft,Tshirt,beta
Radian135_Tshirt50083.png,soft,Tshirt,beta
Radian135_Tshirt50084.png,soft,Tshirt,beta
Radian135_Tshirt50085.png,soft,Tshirt,beta
Radian135_Tshirt50086.png,soft,Tshirt,beta
Radian135_Tshirt50087.png,soft,Tshirt,beta
Radian135_Tshirt50088.png,soft,Tshirt,beta
Radian135_Tshirt50089.png,soft,Tshirt,beta
Radian135_Tshirt50090.png,soft,Tshirt,beta
Radian135_Tshirt50091.png,soft,Tshirt,beta
Radian135_Tshirt50092.png,soft,Tshirt,beta
Radian135_Tshirt50093.png,soft,Tshirt,beta
Radian135_Tshirt50094.png,soft,Tshirt,beta
Radian135_Tshirt50095.png,soft,Tshirt,beta
Radian135_Tshirt50096.png,soft,Tshirt,beta
Radian135_Tshirt50097.png,soft,Tshirt,beta
Radian135_Tshirt50098.png,soft,Tshirt,beta
Radian135_Tshirt50099.png,soft,Tshirt,beta
Radian135_Tshirt50100.png,soft,Tshirt,beta
